feature,related to,description,apis
Create Candidate,candidates,"Add candidates through multiple sources: manual entry form, LinkedIn profile URL scraping via Apify, or PDF resume upload. Automatically extracts structured candidate data including personal information, skills with proficiency levels, and years of experience using AI parsing.","apify-linkedin-scraper;linkedin-profile-reducer;parse-linkedin-skill;parse-resume-skill"
Create Job,jobs,"Create job records with structured data extraction from client notes. Uses AI to parse unstructured text and generate job attributes (rate, location, commitment) and weighted requirements with proficiency levels for accurate candidate matching.","job-details-extractor"
Create Company,companies,"Manage company database with industry classification, location, website, and culture information. Provides dropdown selection during job creation and maintains consistent company data across the platform for better reporting and organization.",""
Job Description Builder,jobs,"Generate polished job descriptions from structured job data and requirements. Creates professional, formatted job postings optimized for candidate attraction using AI content generation based on company culture, role requirements, and market standards.","generate-job-description"
LinkedIn Query Builder,jobs,"Generate Boolean search strings for LinkedIn Recruiter and Sales Navigator. Creates multiple query variations (complete, skills-only, job-titles-only, mandatory-only) with search recommendations to optimize candidate sourcing and discovery.","generate-linkedin-queries"
Candidate Match Analysis,jobs,"Unified AI-powered candidate-job compatibility analysis with additive scoring system (no penalties for optional requirements). Features unified architecture across three specialized APIs (LinkedIn profiles, PDF resumes, existing candidates), intelligent skill hierarchy recognition with aliases, 3-tier proficiency mapping (beginner/advanced/expert), 4-category scoring (strong/adequate/weak/missing), evidence-based confidence tracking, and comprehensive narrative generation with recruiter recommendations and interview strategies.","apify-linkedin-scraper;linkedin-profile-reducer;parse-linkedin-skill;parse-resume-skill;match-analysis-linkedin-v2;match-analysis-pdf-v2;match-analysis-fallback-v2"
Interview Questions Generator,jobs,"Generate tailored interview questions based on job requirements and descriptions. Creates structured questions across six categories (technical, problem-solving, communication, leadership, learning, cultural) with exactly two questions per category for comprehensive candidate evaluation.","generate-interview-questions"
Email Builder,jobs,"Create personalized recruitment emails for candidates and clients. Supports multiple email types (outreach, follow-up, scheduling) with AI-generated content using job context, candidate information, and sender details for professional communication.","email-builder"
Interview Companion,jobs,"Record and analyze Google Meet interviews using Recall.ai bot integration. Provides real-time transcription, AI-powered interview analysis, scoring across competency areas, and actionable insights for data-driven hiring decisions.",""
